{
    "rmse": 0.6378178081638566,
    "mae": 0.5195007051586218,
    "r2": 0.3423607069891246
}