{
    "rmse": 0.6926302996485334,
    "mae": 0.5529215843503876,
    "r2": 0.22447206750598891
}